2026-03-24_11-00-18,0,draft.go:2026-03-24_11-00-18
2026-03-24_11-00-46,0,draft.go:2026-03-24_11-00-46
2026-03-24_11-24-48,0,draft.go:2026-03-24_11-24-48
2026-03-30_00-25-30,0,draft.go:2026-03-24_11-24-48
2026-03-30_06-02-00,0,draft.go:2026-03-24_11-24-48
2026-03-30_06-02-15,0,draft.go:2026-03-24_11-24-48
2026-03-30_14-32-46,0,draft.go:2026-03-24_11-24-48
2026-03-31_00-17-47,0,draft.go:2026-03-24_11-24-48
2026-03-31_00-20-48,0,draft.go:2026-03-31_00-20-48
2026-03-31_00-22-07,0,draft.go:2026-03-31_00-22-07
2026-03-31_00-22-37,0,draft.go:2026-03-31_00-22-37
2026-03-31_00-27-53,0,draft.go:2026-03-31_00-27-53
2026-03-31_00-29-11,0,draft.go:2026-03-31_00-27-53
2026-03-31_00-29-45,0,draft.go:2026-03-31_00-29-45
2026-03-31_00-30-19,0,draft.go:2026-03-31_00-30-19
2026-03-31_00-30-55,0,draft.go:2026-03-31_00-30-55
2026-03-31_00-31-14,0,draft.go:2026-03-31_00-31-14
2026-03-31_00-34-29,---,draft.go:2026-03-31_00-34-29
2026-03-31_00-35-03,0,draft.go:2026-03-31_00-34-29
2026-03-31_00-37-07,0,draft.go:2026-03-31_00-37-07
2026-03-31_00-46-19,0,draft.go:2026-03-31_00-46-19
2026-03-31_00-47-04,0,draft.go:2026-03-31_00-47-04
2026-03-31_00-50-45,0,draft.go:2026-03-31_00-50-45
2026-03-31_00-50-59,0,draft.go:2026-03-31_00-50-45
2026-03-31_00-51-10,0,draft.go:2026-03-31_00-50-45
2026-03-31_00-53-07,0,draft.go:2026-03-31_00-53-07
2026-03-31_00-53-47,0,draft.go:2026-03-31_00-53-07
2026-03-31_00-57-44,0,draft.go:2026-03-31_00-57-44
2026-03-31_00-57-59,0,draft.go:2026-03-31_00-57-59
2026-03-31_00-58-19,0,draft.go:2026-03-31_00-58-19
2026-03-31_00-58-30,0,draft.go:2026-03-31_00-58-30
2026-03-31_00-59-16,0,draft.go:2026-03-31_00-59-16
2026-03-31_01-01-41,0,draft.go:2026-03-31_01-01-41
2026-03-31_01-02-24,0,draft.go:2026-03-31_01-02-24
2026-03-31_01-02-33,0,draft.go:2026-03-31_01-02-33
2026-03-31_01-02-53,0,draft.go:2026-03-31_01-02-53
2026-03-31_01-03-00,100,draft.go:2026-03-31_01-03-00
