2026-03-30_15-52-20,0,shell.go:2026-03-30_15-52-20
2026-03-30_15-52-59,0,shell.go:2026-03-30_15-52-20
2026-03-30_15-57-14,14,shell.go:2026-03-30_15-57-14
2026-03-30_15-59-59,14,shell.go:2026-03-30_15-59-59
2026-03-30_16-01-51,14,shell.go:2026-03-30_16-01-51
2026-03-30_16-02-03,14,shell.go:2026-03-30_16-02-03
2026-03-30_16-02-55,14,shell.go:2026-03-30_16-02-55
2026-03-30_16-03-25,14,shell.go:2026-03-30_16-03-25
2026-03-30_16-03-30,14,shell.go:2026-03-30_16-03-30
2026-03-30_16-04-48,14,shell.go:2026-03-30_16-04-48
2026-03-30_16-04-57,14,shell.go:2026-03-30_16-04-57
2026-03-30_16-05-02,14,shell.go:2026-03-30_16-05-02
2026-03-30_16-05-08,14,shell.go:2026-03-30_16-05-08
2026-03-30_16-05-52,14,shell.go:2026-03-30_16-05-08
2026-03-30_16-06-09,28,shell.go:2026-03-30_16-06-09
2026-03-30_16-09-43,28,shell.go:2026-03-30_16-09-43
2026-03-30_16-09-57,28,shell.go:2026-03-30_16-09-57
2026-03-30_16-11-54,28,shell.go:2026-03-30_16-11-54
2026-03-30_16-13-34,28,shell.go:2026-03-30_16-13-34
2026-03-30_16-13-43,28,shell.go:2026-03-30_16-13-43
2026-03-30_16-18-43,0,shell.go:2026-03-30_16-18-43
2026-03-30_16-22-54,0,shell.go:2026-03-30_16-18-43
2026-03-30_16-40-38,28,shell.go:2026-03-30_16-40-38
2026-03-30_16-40-42,28,shell.go:2026-03-30_16-40-38
2026-03-30_16-41-24,28,shell.go:2026-03-30_16-41-24
2026-03-30_16-44-01,28,shell.go:2026-03-30_16-44-01
2026-03-30_16-44-20,28,shell.go:2026-03-30_16-44-20
2026-03-30_16-45-05,28,shell.go:2026-03-30_16-45-05
2026-03-30_16-45-32,28,shell.go:2026-03-30_16-45-32
2026-03-30_16-46-20,28,shell.go:2026-03-30_16-46-20
2026-03-30_16-47-00,28,shell.go:2026-03-30_16-47-00
2026-03-30_16-47-49,28,shell.go:2026-03-30_16-47-49
2026-03-30_16-48-22,28,shell.go:2026-03-30_16-48-22
2026-03-30_16-48-33,28,shell.go:2026-03-30_16-48-33
2026-03-30_16-49-28,28,shell.go:2026-03-30_16-49-28
2026-03-30_16-49-42,28,shell.go:2026-03-30_16-49-42
2026-03-30_16-49-57,28,shell.go:2026-03-30_16-49-57
2026-03-30_16-51-01,42,shell.go:2026-03-30_16-51-01
